捕鱼-Fishing,1001,海霸王,Ocean Lord
捕鱼-Fishing,1002,吃我一炮,Let's Shoot
捕鱼-Fishing,1003,三仙捕鱼,3 Gods Fishing
捕鱼-Fishing,1004,猎龙霸主,Dino Hunter
捕鱼-Fishing,1006,一槌爆富,Big Hammer
捕鱼-Fishing,1007,植物大战恐龙,Plants vs. Dinos
捕鱼-Fishing,1008,西游降魔,Demon Conquered
捕鱼-Fishing,1009,三仙劈鱼,Gods Slash Fish
捕鱼-Fishing,1010,宾果捕鱼,Bingo Fishing
捕鱼-Fishing,1011,招财猫钓鱼,Cat Fishing
老虎机-Slot,3001,钻石大亨,Diamond Mogul
老虎机-Slot,3002,鱼跃龙门,Over Dragon's Gate
老虎机-Slot,3003,发起来,Get Money
老虎机-Slot,3004,狮霸天下,Great Lion
老虎机-Slot,3005,大秘宝,Ultra Treasure
老虎机-Slot,3006,埃及神谕,Egypt Oracle
老虎机-Slot,3007,财神到,Caishen Coming
老虎机-Slot,3008,大糖盛世,Candy Dynasty
老虎机-Slot,3009,发财狮,Rich Lion
老虎机-Slot,3010,大圣猴哥,Monkey King
老虎机-Slot,3011,抢金库,Bust Treasury
老虎机-Slot,3012,五圣兽,5 God Beast
老虎机-Slot,3013,嗨起来,Get High
老虎机-Slot,3014,阿拉伯,Arab
老虎机-Slot,3015,饿狼传说,Wolf Legend
老虎机-Slot,3016,水果晶钻,Crystal Fruits
老虎机-Slot,3017,高尔夫,Golf
老虎机-Slot,3018,虎霸王,Tiger Lord
老虎机-Slot,3019,宙斯神,Zeus
老虎机-Slot,3020,德古拉,Dracula
老虎机-Slot,3021,海盗王,Pirate King
老虎机-Slot,3022,爱丽丝,Alice
老虎机-Slot,3023,石器原始人,Stone Hominid
老虎机-Slot,3024,雷霸龙,T-Rex
老虎机-Slot,3025,马戏之王,Greatest Circus
老虎机-Slot,3026,点石成金,Midas Touch
老虎机-Slot,3027,马雅王,Maya King
老虎机-Slot,3028,水果Bar,Fruits Bar
老虎机-Slot,3029,发财龙,Rich Dragon
老虎机-Slot,3030,金猴爷,JIN HOU YE
老虎机-Slot,3031,福神到,Fushen Coming
老虎机-Slot,3032,熊猫侠,Pandaria
老虎机-Slot,3033,马上发,Rich Now
老虎机-Slot,3034,777,777
老虎机-Slot,3035,三倍猴哥,Triple Monkey
老虎机-Slot,3036,赵云无双,ZHAO YUN
老虎机-Slot,3037,火凤凰,Phoenix
老虎机-Slot,3038,吕姬无双,LU LING QI
老虎机-Slot,3039,宝你发,Booming Gems
老虎机-Slot,3040,很多妹子,Many Beauties
老虎机-Slot,3041,更多妹子,More Beauties
老虎机-Slot,3042,旺财神,Doggy Wealth
老虎机-Slot,3043,给猫金币,Coin Cat
老虎机-Slot,3044,天外飞仙,Immortal Heroes
老虎机-Slot,3045,送钱鼠,Coin Rat
老虎机-Slot,3046,小厨娘,Chef Lady
老虎机-Slot,3047,宝矿利,Ore Power
老虎机-Slot,3048,冰果霸,Icy Bar
老虎机-Slot,3049,黄金眼,Golden Eye
老虎机-Slot,3050,轰炸鸡,Chicken Dinner
老虎机-Slot,3051,蔬香人家,Farm Family
老虎机-Slot,3052,罗马帝国,Roman
老虎机-Slot,3053,大钻石,Big Diamond
老虎机-Slot,3054,拳力制霸,Muay Thai
老虎机-Slot,3055,埃及王朝,Egypt Dynasty
老虎机-Slot,3056,魔龙秘宝,Dragon's Treasure
老虎机-Slot,3057,你会胡,You Will Win
老虎机-Slot,3058,发红包,Give You Money
老虎机-Slot,3059,犇牛宝,Rich Ox
老虎机-Slot,3060,七色宝钻,Diamond 7
老虎机-Slot,3061,给猫红包,Bonus Cat
老虎机-Slot,3062,幕府将军,Bakufu Shogun
老虎机-Slot,3063,印度神虎,Bengal Tiger
老虎机-Slot,3064,龙来发,Dragonburst
老虎机-Slot,3065,犎牛暴起,Buffalo Burst
老虎机-Slot,3067,钱滚钱,Roll in Money
老虎机-Slot,3068,世界波,Worldie
老虎机-Slot,3069,大警长,Grand Sheriff
老虎机-Slot,3070,霸王别姬,Overlord & Concubine
街机-ARCADE,4001,梯子游戏,Ladder Game
街机-ARCADE,4002,射龙门,Acey Deucey
街机-ARCADE,4003,淘金蛋,Golden Egg
街机-ARCADE,4004,金蟾祖玛,Golden Zuma
街机-ARCADE,4005,跳跳跳,Jump & Jump
街机-ARCADE,4006,凤飞飞,Flying Phoenix
街机-ARCADE,4007,疯狂龙珠,Crazy Orb
街机-ARCADE,4009,冲装啦,Let's Enhance
街机-ARCADE,4013,跳龙门,Dragon or Crash