6,Baccarat,百家乐,Table,
9,Aztec,阿兹泰克,Slots,
10,CrystalWaters,海豚,Slots,
12,EnchantedGarden,花园,Slots,
13,GreenLight,红绿灯,Slots,
17,Sicbo,骰子,Table,
18,Circus,马戏团,Slots,
19,WealthTreasure,拜年,Slots,
23,Belangkai,鱼虾蚝,Table,
24,HuluCock,葫芦鸡,Table,
25,Roulette73,73轮盘,Table,
26,Roulette,轮盘,Table,
29,DragonTiger1,龙虎斗1,Table,
35,Victory,胜利,Slots,
36,TallyHo,飞机,Slots,
39,OrientExpress,东方快车,Slots,
40,Rally,拉力赛,Slots,
41,BoyKing,法老的宝藏,Slots,
42,MysticalDragon,神秘之龙,Slots,
45,SeaCaptain,船长,Slots,
47,CoyoteCash,野狼现金,Slots,
49,T-REX,霸王龙,Slots,
50,TripleTwister,龙卷风,Slots,
52,PayDirt,富矿发现,Slots,
56,Fame,名利场,Slots,
57,DragonTiger2,龙虎斗2,Table,
60,Golden Lotus,金莲花,Slots,
62,BigShot,头面人物,Slots,
63,Cleopatra,埃及艳后,Slots,
65,HighWay,高速公路,Slots,
66,GoldenTour,5线高尔夫,Slots,
67,StripperNight,性感美女,Slots,
69,Thunderbolt,霹雳猴子,Arcade,
79,Samurai,忍者,Slots,
81,Roulette24,24轮盘,Table,
82,Roulette12,迷你轮盘,Table,
84,GoldenSlut,金莲淫夜,Slots,
86,DolphinReef,海豚礁,Slots,
87,GreatStars,吉星,Slots,
88,BigProsperity,发大财,Slots,
93,Kimochi,学妹,Slots,
94,Dragon Gold,金龙赐福,Slots,
95,Fortune,五福门,Slots,
96,CaptainTreasure,船长9线,Slots,
97,Spartan,斯巴达,Slots,
98,SafariHeat,非洲丛林,Slots,
99,Wong Choy,旺财,Slots,
100,SilverBullets,银弹,Slots,
104,ThaiParadise,泰国风情,Slots,
108,Iceland,冰雪世界,Slots,
109,Japan,小日本胖子,Slots,
110,Hold`Em,赌场Hold`Em,Table,
111,CasinoWar,赌城战争,Table,
112,PokerThree,三卡扑克,Table,
987,BonusBears,奖金熊,Slots,
114,PantherMoon,黑豹,Slots,
115,CherryLove,樱桃的爱,Slots,
116,GreatBlue,伟大的蓝色,Slots,
118,IrishLuck,爱尔兰的运气,Slots,
119,Discover,发现,Slots,
136,AmazingThailand,泰国神游,Slots,
137,GreatChina,中华之最,Slots,
138,India,印度神话,Slots,
139,FruitTutti,水果天地,Slots,
140,GlamourousWorld,时尚世界,Slots,
141,DragonTiger3,龙虎斗3,Table,
143,Bulls,牛牛,Table,
150,MagicalSpins,魔法师,Slots,
155,FairyGardenPLUS,精灵花园,Slots,
163,FiveDragon,5龙,Slots,
164,NianNianYouYu,年年有余,Slots,
165,ZhaoCaiJinBao,招财进宝,Slots,
980,GodOfWealth,财神到,Slots,
167,RacingCar,奔驰宝马,Arcade,
168,MonkeyStoryPlus,战无不胜,Arcade,
171,ForestDance,森林舞会,Arcade,
174,Pokemon,宠物小精灵,Arcade,
176,WaterMargin,水浒传,Slots,
178,FongShen,封神榜,Slots,
179,OceanParadise,海洋天堂,Slots,
180,JinPingMai2,新潘金莲,Slots,
181,Aladdin,阿拉丁,Slots,
182,Pirate,船长,Slots,
183,SeasonsGreetings,孲节问候,Slots,
184,Amazon,亚马逊,Slots,
185,Laura,劳拉,Slots,
186,AfricanWildLife,狂野非洲,Slots,
187,Alice,爱丽斯,Slots,
188,RobinHood,罗宾汉,Slots,
189,FortunePanda,富贵熊猫,Slots,
190,JinQianWa,金钱蛙,Slots,
191,SunWuKong,孙悟空,Slots,
192,MoneyBunny,复活节,Slots,
193,FootBall,足球嘉年华,Slots,
194,TopGun,岮志凌云,Slots,
195,HalloweenFortune,万圲节的惊喜,Slots,
950,OhMyHero,我的英雄,Slots,
951,ZombieGrave,还魂尸坟墓,Slots,
953,InTheShell,蛤壳,Slots,
954,GreenLuck,绿色运气,Slots,
955,CheeseInTrap,老鼠夹上奶酪,Slots,
956,DoubleBonus,两倍奖金,Slots,
981,TreasureChase, 探宝,Slots,
982,Oz,奧茨国,Slots,
983,Unicorn,独角兽,Slots,
984,BisonRampage,狂乱野牛,Slots,
985,TouchDown,美式橄榄球,Slots,
986,AncientForest,古代林丛,Slots,
995,LicenseToWin,LicenseToWin,Slots,
996,GoldRush,淘金热,Slots,
997,Lupin,亚森罗宾,Slots,
998,CocktailParty,鸡尾酒会,Slots,
999,GoldCoin,金币,Slots